wpm,acc,rawWpm,consistency
99.6173191403414,95.13535550347963,107.77905501031779,70.92529631634923
